Wall time,Step,Value
1685594140.669498,1,0.8980000019073486
1685594425.5933325,2,0.9208889007568359
1685594710.5777843,3,0.9437777996063232
1685595052.4945545,4,0.9503333568572998
1685595371.3757834,5,0.9544444680213928
1685595686.2730742,6,0.9586666822433472
1685596015.4791536,7,0.941444456577301
1685596329.8602357,8,0.9614444375038147
1685596636.7868288,9,0.9618889093399048
1685596936.5675836,10,0.9616666436195374
1685597234.0799682,11,0.9660000205039978
1685597529.7576487,12,0.9635555744171143
1685597822.5527854,13,0.9674444198608398
1685598115.9409027,14,0.9622222185134888
1685598410.9539194,15,0.9664444327354431
1685598728.809608,16,0.967555582523346
1685599045.4075534,17,0.9701111316680908
1685599350.5448802,18,0.9695555567741394
1685599647.5350728,19,0.967555582523346
1685599947.9381316,20,0.9698888659477234
1685600250.7063298,21,0.9670000076293945
1685600542.5248585,22,0.9717777967453003
1685600839.6328976,23,0.968666672706604
1685601137.213203,24,0.9713333249092102
1685601434.7265563,25,0.9688888788223267
1685601741.240778,26,0.9701111316680908
1685602047.4719684,27,0.972000002861023
1685602357.5343492,28,0.9651111364364624
1685602658.6569705,29,0.9708889126777649
1685602958.7415948,30,0.9668889045715332
1685603256.0421443,31,0.9713333249092102
1685603544.4035187,32,0.9708889126777649
1685603833.2272408,33,0.9692222476005554
1685604124.0262105,34,0.9695555567741394
1685604417.5633943,35,0.9676666855812073
1685604728.4694424,36,0.9737777709960938
1685605026.9700813,37,0.9678888916969299
1685605325.443946,38,0.9706666469573975
1685605619.2195697,39,0.9702222347259521
1685605912.1657925,40,0.9717777967453003
