Wall time,Step,Value
1685594142.2454293,1,0.9844086170196533
1685594427.2538905,2,0.9865591526031494
1685594712.1732357,3,0.9860215187072754
1685595054.498721,4,0.9913978576660156
1685595373.0082319,5,0.9892473220825195
1685595687.99436,6,0.9919354915618896
1685596017.236708,7,0.9930107593536377
1685596331.7224703,8,0.9908602237701416
1685596638.502983,9,0.9865591526031494
1685596938.312878,10,0.9903225898742676
1685597235.8315513,11,0.9919354915618896
1685597531.4546778,12,0.9876344203948975
1685597824.152742,13,0.9903225898742676
1685598117.5552793,14,0.9913978576660156
1685598412.8421988,15,0.9887096881866455
1685598730.6745303,16,0.9903225898742676
1685599047.244322,17,0.9908602237701416
1685599352.245241,18,0.9913978576660156
1685599649.2811248,19,0.9903225898742676
1685599949.6232855,20,0.9930107593536377
1685600252.4092999,21,0.9892473220825195
1685600544.0891237,22,0.9919354915618896
1685600841.2779279,23,0.9924731254577637
1685601138.927825,24,0.9919354915618896
1685601436.653173,25,0.9892473220825195
1685601742.956376,26,0.9919354915618896
1685602049.312979,27,0.9913978576660156
1685602359.3215158,28,0.9908602237701416
1685602660.3305657,29,0.9897849559783936
1685602960.4056523,30,0.9860215187072754
1685603257.7247388,31,0.9897849559783936
1685603546.145149,32,0.9881720542907715
1685603834.9343204,33,0.9887096881866455
1685604125.6251848,34,0.9913978576660156
1685604419.4492965,35,0.9903225898742676
1685604730.1985567,36,0.9908602237701416
1685605028.6752584,37,0.9897849559783936
1685605327.1552012,38,0.9887096881866455
1685605620.8604205,39,0.9897849559783936
1685605913.7794917,40,0.9887096881866455
