Wall time,Step,Value
1687033911.5130575,1,0.6465479135513306
1687046166.2457345,2,0.6606906056404114
1687058091.6832335,3,0.7359389662742615
1687070111.1006336,4,0.730577826499939
1687082175.8606246,5,0.7481024861335754
1687094243.6204805,6,0.7288868427276611
1687106013.7010012,7,0.7633596658706665
1687117613.3939106,8,0.7283487915992737
1687129182.3123229,9,0.7678753137588501
1687140736.8403044,10,0.7488518953323364
1687151903.7891476,11,0.7717953324317932
1687163657.5207422,12,0.7511769533157349
1687175349.8814266,13,0.7747737169265747
1687187319.1979663,14,0.7472761869430542
1687199301.07775,15,0.7721027731895447
1687211287.1008332,16,0.7492361664772034
1687223191.0089712,17,0.776772141456604
1687234856.2363098,18,0.7568263411521912
1687246711.9001381,19,0.7843815684318542
1687258608.4662251,20,0.7397436499595642
1687270411.1401346,21,0.7878788113594055
1687282191.0821552,22,0.767087459564209
1687293948.8863444,23,0.7850732803344727
1687305493.4087367,24,0.752099335193634
1687317048.850897,25,0.7819988131523132
1687328768.8774292,26,0.7669337391853333
1687340435.8875034,27,0.7830748558044434
1687351937.4983234,28,0.7758305668830872
1687363151.8974745,29,0.7841125130653381
1687374362.670064,30,0.7620530128479004
1687385603.2457225,31,0.7856305837631226
1687396593.9038615,32,0.7544628381729126
1687407907.088755,33,0.7923752665519714
1687419734.4114878,34,0.7715839147567749
1687432991.4363248,35,0.796237587928772
1687446322.677549,36,0.7786937355995178
1687459562.3193178,37,0.7891470193862915
1687470849.175671,38,0.7687976956367493
1687482117.5864806,39,0.7842278480529785
1687494689.346119,40,0.7740819454193115
